Id,Recovery Index
6253,54.69153472078271
4685,22.6564233569138
1732,47.90342274435851
4743,31.276131394540588
4522,42.99689661747442
6341,59.01923082285981
577,45.94364044463292
5203,86.51981950162497
6364,37.725308658410206
440,72.08132328230911
2751,63.562397313278126
7488,24.965127036092046
5273,60.7963889952839
5654,43.99606376729959
4000,48.998272243958255
6034,44.69248746103373
583,58.00897479301158
9931,78.9417783421743
7052,65.72663760626239
8159,46.583490151644796
9897,62.45486750691995
2250,15.363157210947676
4641,38.407273226484705
9486,76.76183889953062
4948,84.10266039263246
9921,31.020680732615606
1964,28.57821553053191
8244,88.82505578717385
6591,51.09059154527544
8848,56.29378151716198
322,60.14838684996884
2679,33.88971858571088
4626,38.639621540004526
4950,49.89818346268371
8329,34.758299020640266
3338,63.66665812310695
5590,49.94037245847418
252,46.54869000265944
3974,76.35267161132482
6631,78.80777589796956
5548,80.69728050995155
36,76.10227065170413
8363,68.15154959903575
1514,93.63190036408174
9318,70.3419814150064
40,63.85470312587957
4820,74.4955886759627
3466,69.55825630930744
1761,75.33414113193815
2305,42.224218441417975
3724,71.32872556280377
8285,57.51812396211998
4994,72.83662891905668
8128,83.25976951583772
3033,73.73976660303492
7939,90.1136094680543
3040,73.98067445975163
9656,87.90558304095296
2546,73.85399854854057
2593,60.382265327398216
1189,37.1924163891583
7967,35.59789866124831
6078,16.046586729679788
108,81.97522989012182
1316,84.78525971118685
8188,36.15556341589816
2754,29.813272836386513
9754,67.72317641367657
6232,37.474047453064664
2877,72.18174508278528
5324,61.21458777134933
800,91.48473106233715
3571,88.37506664975925
2895,92.01187776907213
2928,70.75201852107976
8179,39.4584315765138
972,65.47066075961555
6688,43.721111717921886
8576,45.77612513855282
2021,75.19182686902143
9055,64.6922805804129
953,61.406362946507954
5360,64.48461859567408
3858,49.94914812457266
5862,59.818896527718884
3146,36.10689207296389
3306,28.16396261194168
3007,81.76030329953906
9002,66.38912774553157
7771,26.917432113061345
7439,20.74074402928443
7943,23.52085244506433
9239,31.247281591824354
1057,75.34061440152206
3155,96.56452547730893
3788,79.76507310234487
9190,63.64751373136342
7826,87.92721737261101
7540,86.62992789888483
7232,60.899713126617385
765,82.46153670696235
5020,28.53622723762626
4904,36.43733971232666
8094,55.17858568419749
6844,19.783809441740274
2166,72.62969514038822
1863,48.891647673730915
7851,79.62952180768394
9124,74.45193768080425
2341,39.03182655942186
5528,48.82980461407966
6744,22.812802612774504
4004,36.91669702193411
1124,26.629928704315756
8710,26.58065262453064
4050,26.2946140158032
7641,52.03227815275641
766,25.103505877286672
2345,23.64484788055756
4072,52.15288949321855
7217,37.689918342000695
4217,76.1877258678309
7953,87.7601832465846
5971,49.244381321371336
3351,49.330730592063894
4696,60.65317160273768
3400,53.86860111703739
4082,69.63275264063854
9150,73.85399854854057
1225,56.887533334694965
6293,63.88997896214342
3123,52.72357312578549
511,67.31079324204505
5795,66.40840067469931
8182,21.884329339093036
9418,90.62986886987728
97,56.568103265049416
6682,37.13634264790376
1513,39.76770143691478
8792,15.988897682697903
120,43.34324365317376
7792,13.20576413559796
6518,39.8583210817966
34,49.202284078573506
7888,59.12206578531051
6831,43.118156543059875
5422,39.39349327748165
1069,65.72631251633435
1348,17.835132935718747
4748,29.63169239102268
6006,42.911140313551776
6040,43.96162590036125
3818,76.15168223727396
8447,44.54987533480839
5270,67.73640620257981
6898,19.86208636479443
5310,32.70217423711236
32,35.79181549399907
5675,49.29943142728054
4387,18.430697557990598
30,74.96195045921348
4203,33.067385085842815
7508,68.45987787466704
736,29.018760429945285
2068,42.087283339383674
107,80.3027720019839
9645,73.13333696149805
8895,16.805049096760555
8021,53.14206323775222
2233,56.17732090312982
994,48.64694005562677
9413,67.28644581135578
7059,50.435928853475
6790,59.34208398228884
361,82.24432577761684
305,35.875096981698256
2628,42.8416135790483
8966,77.51401930377281
4514,56.82697460162478
5911,54.523270908798594
8314,41.34988752243511
3101,41.70498647202457
5704,58.02139775345113
3899,34.85222917526252
5441,56.36064100113351
7931,48.453774891041675
622,76.84418138714044
7236,46.8303055932814
2499,37.9635735723065
714,64.67845618982079
8404,65.53119191742141
2856,81.45203598194675
4270,71.71560459346934
2909,92.01187776907213
8081,41.72023269677561
4517,72.45690653862471
1262,32.51281737593979
3161,21.603024090107375
971,45.27897875441512
3913,81.2711348247708
5199,35.78155683228931
8847,64.57498207079271
260,74.61667927992855
3791,43.09964521834225
9203,92.27573524950637
488,39.69374390706578
7908,31.956056135416706
519,74.05855749464564
8343,35.36086273985863
312,90.04628103642631
3232,58.29383611248478
7933,27.33234400095781
7458,22.53167320357168
9784,31.634479081497535
5184,21.701939610110564
8077,70.86824949149349
6502,13.705166327372467
6791,19.92617443331327
7773,19.55552141690827
2738,45.89498897795517
7842,47.16239981242121
6262,46.45182601322289
8206,78.62969241423293
1248,25.6111414204078
9336,22.556804451103524
4195,47.81768417352882
8001,24.821825003904106
7378,41.72754367148048
3435,58.474457604973935
5382,71.27806955069227
959,81.43154484624817
417,61.98711247085704
5742,35.652633786427955
6728,82.54685524355152
4382,80.98046914028421
5197,66.48353335378368
1113,65.29008620876206
2689,18.617077823922514
6473,63.019642970349985
8820,36.52872676819257
7808,37.8502278820652
3411,62.231552851804224
81,48.04552490866316
4614,73.11929062614932
1374,70.77462495431686
1510,70.8492028751554
6443,57.59306803228105
3071,45.31088552103979
3016,40.44787195636378
4823,76.91036555806024
7822,40.11217900865017
93,59.97935810416161
9421,68.99454819401686
6600,76.80122049224833
4443,75.68959549205108
7602,80.14702879603912
3835,65.73705437808007
9702,64.23610608531602
4322,55.7100479451158
3394,60.35423935463242
4752,36.22397055280081
7229,55.01387764505161
9191,47.21050647502449
2361,33.88785514873956
1148,14.221464888031377
5666,71.24275795316437
8075,42.10461022448768
4943,23.444676849237272
3663,48.60571198035421
1563,77.22795345998166
4113,20.781358168695853
9050,62.51259776916512
9276,75.5536529665299
8538,40.97513904364119
795,69.57582003120363
5854,58.92425127105381
7619,57.45531064509947
1594,41.435955223546934
7418,83.9700289309233
5267,42.75753168866542
7147,33.25155303689084
89,56.12829392334817
8695,52.92393200139449
9732,27.175492280064564
9446,39.427052568501296
6754,69.72550446859714
3502,48.3742654872253
2234,60.00076814162634
2803,55.13601575866145
4424,48.81209187348239
5663,65.98986180553267
7170,70.43870286028925
8337,68.39869383089503
2148,34.810051475371026
7969,37.87768645492365
6551,36.76495135367434
7643,73.56227847855396
6164,77.26413895867532
1495,68.95071986144588
7696,68.50812369251743
7094,35.94935504964954
1409,74.3319449392854
6691,18.950757733395022
3401,50.92077098562088
109,49.88490591015718
5636,47.49497024531671
8482,24.798031860013605
6604,30.737962495744988
1091,62.2229777050432
5560,77.91730606829289
9412,54.95554002330563
8143,36.17117052154958
8664,19.445741226935922
6596,41.540662803417504
624,47.69784568469893
6871,35.79779219413358
4814,56.92767850739714
6553,83.15771235402954
7530,44.34092570037638
5796,55.25364072842633
7437,87.25404433484847
4218,15.041207630577333
5941,58.52805141717824
8501,28.39969422883581
6429,49.213495753615646
6827,26.939569498123326
4131,59.9202773933038
7802,47.3668707606728
7754,72.90114247350402
4722,50.4908471725986
1651,49.921213226264086
4141,83.4955763597601
1618,84.11886854045788
2030,93.18478767375593
8518,36.61608688991641
4576,54.69610452188953
3993,55.894393197243794
7377,55.827622385449786
6150,63.02240611538043
4909,80.20273677784664
5027,74.11869443612633
8261,43.644346236012225
4732,64.67874754245499
7549,60.32613402149616
8135,49.12164063690122
1607,65.70218589376165
4774,57.90504077020333
8110,75.99153309897363
6952,57.77152072992765
6005,44.113000698134876
7729,74.2113306739267
3542,22.52805265962361
389,37.83321733269838
1795,64.31515982258856
8732,74.90747556436469
4920,45.11341132329669
5538,46.06521263853236
3873,54.57954690970534
8869,51.277840460947445
2255,79.98867408095947
3413,57.84457796035831
5460,45.57067236486923
4956,68.26285483556849
7397,63.99080175726856
5415,37.905188335465425
7400,53.356055231583596
7415,68.56484890582368
9101,29.546549682879974
4852,59.40569452284516
2026,70.56728552641117
2616,69.71021036173784
7389,35.59874639517692
2927,83.55721333697308
1122,45.348993805903106
2911,76.5253789476684
8147,61.49921278094333
7384,42.25406679071635
3483,84.16054856511343
796,24.67502925248354
1576,31.47310293840372
6177,53.23986557431457
6267,53.95305154900441
2459,39.61145661870796
3313,39.10419830058934
1254,55.66065741166209
6835,79.10488156301503
8795,72.70546771506788
3838,64.15483263541891
4399,81.36654830313897
3596,55.616948404388225
6622,51.85142327890531
8383,71.62765173168165
2125,59.488488206198994
3239,58.63684362020875
5404,77.18384951049651
5999,77.13859754652603
5939,37.85406136409563
2046,22.292567780184996
1579,41.11886208449763
15,65.55766235225985
2674,70.8492028751554
7017,59.69754225409875
8721,71.16231327428788
8850,27.27212925205002
4813,19.092382918893776
1085,65.65948875747317
4984,47.843389986246194
7156,76.70239863653404
2885,69.97646777379815
334,38.499692953760174
7205,89.53116750162822
4368,58.3234520767123
3080,82.70489395229794
7204,56.19378116427617
9910,35.41796529324277
8865,42.72998624161228
264,49.98147283823666
4338,42.79294287929991
8896,31.503446617639884
8448,74.60562147403546
5904,71.86610965792316
1499,36.265095534342166
4191,39.497905971427784
7486,32.34234508127042
9644,46.95253343860799
8311,57.66410252036098
7591,49.102863507364034
501,30.1420486687238
9156,53.803037547515736
9415,73.5845608839765
3096,66.60849988251869
4632,60.19368805346696
368,29.466982431699233
4059,63.66665812310695
8175,41.48949497586611
4631,49.38460586460008
6071,55.35068076976232
2665,35.94950559230506
1027,55.71397540127937
5909,34.65436088693585
5051,56.70120075188808
6329,67.7814572109506
9734,86.53218244806494
1692,86.32402034286267
674,81.58915072726705
5573,46.95759243101532
5767,33.905807014803024
5157,51.52922571964066
734,38.18223455624536
3527,14.472593653800672
569,55.79925559753678
9188,26.56800155998898
2923,62.56066945018015
7912,42.41788458871551
1559,15.62220846572081
102,57.599516502427065
3008,40.94077326274586
7202,22.829707827108457
304,90.64671407958343
77,61.965297418221496
6755,40.72443091989464
8630,74.60995173645878
1209,81.31043959730476
7743,89.22674963427944
8215,85.3049784543294
8945,37.33544483763629
8414,93.26911092847467
1776,40.14943558205028
3474,32.77841789953682
484,87.12483528820948
2190,75.49326324179188
347,15.786994098186568
5482,80.96029948759573
8362,27.0710506730757
1473,63.28487204535475
5101,62.40889722129429
6766,40.52570296415308
8707,71.35452269601937
4930,66.23741177837996
6330,74.52241676647031
2610,37.62634539894762
4,36.623890333439775
2214,25.222220601847887
4828,66.29374937173978
857,55.81171122592605
6978,27.437569935618058
5886,60.839072224515206
625,44.43708756474844
291,39.729870877566775
2019,70.61096067937342
669,55.22781769529047
8922,45.079744608173954
8265,24.604985290822803
9697,38.848140463836835
1632,34.45991795327049
5171,34.91594552553015
7206,68.4795207666047
2523,47.505125325991635
2216,52.925384703962536
6969,44.54584482321633
6497,50.0709716762069
6214,50.75962813705901
7033,27.628697576611938
7421,26.76349739791596
1108,63.81270973902709
451,81.17504679857754
6290,47.324084018058834
9967,14.521600509214736
136,86.62992789888483
1786,48.731164615133174
3405,50.9021271728685
2907,71.56584185163238
8305,38.218622054215885
7493,64.83156612469853
6101,72.8939415717411
4505,38.14248517954016
5054,41.607140162163255
5206,50.73858790629504
4081,41.756605562255444
6919,29.190303251745643
6803,72.23168323686849
5207,43.53281380734466
533,64.40451132358805
4831,59.786925169646864
4039,63.744658364807584
4085,71.86041968439413
3205,41.9453233230964
7111,78.32341906015705
331,43.912520458284746
4958,44.00154322310229
3034,72.48612413881501
7685,63.69539359904772
1598,44.34885108100789
9920,77.54954319736002
3598,20.27494389303029
9039,68.5285323898357
8002,33.70635650120967
591,48.34726973394352
648,71.58385474130067
9103,29.948191868662647
8016,49.71608661214404
3772,55.400210678401066
9040,52.509504572319486
5083,33.67100901387931
7883,87.70538195797778
9363,44.130466548473784
4211,85.42692967030408
8835,40.53375062739748
8700,39.32581484315077
1796,29.143722584526646
2587,64.0045458053963
8356,48.38308940278888
2317,74.88533426050938
4186,73.15611980825142
8828,56.13256386673781
7073,51.652859601098214
5235,34.79825629621757
8744,50.74542042499779
8671,82.62165642792536
4769,46.48090450059222
9973,57.206327429675476
7145,68.47143305084634
2914,74.63522419667139
9872,71.68312624417014
9894,76.71183530356596
2076,33.894942182225165
4303,44.54561458327335
5823,78.33958385186627
2150,18.51518805497873
145,40.86327823289634
4964,64.88999258968033
8160,58.38699304084648
9031,76.22505490109265
4776,85.3122398498183
8934,37.095929439952116
7750,40.76804226072861
9829,81.44292703562043
9215,38.4587380200966
6061,34.48933009983158
9476,65.89692247061123
6410,54.05620485647116
3318,48.44813327242838
7465,50.54734865759172
3062,35.16166981960136
1356,62.12088288636136
4515,49.73927942587805
5506,63.16746870063579
5251,25.76118784334466
4512,76.35448212108714
1731,89.85916720477718
1759,77.698212228253
6651,65.84994098718231
6647,84.72361038883105
9861,56.38159286572562
4140,25.13961233901275
9394,68.86759054766681
5124,74.38410431272226
1,91.86401142815097
1865,50.6939298208639
544,69.57848236557109
350,53.16739952302187
6907,35.83424296106931
9766,41.04501271797799
2524,27.955558522596583
3465,71.7788126760825
458,62.965034396372396
3024,28.561925608260257
7262,36.9206008394058
9516,72.95060428629058
7873,84.08045640821244
6626,85.02870033196224
2535,59.220966495470186
132,85.81760854415099
3705,32.52068565261786
1373,92.72544533288561
6201,45.859639823270584
4857,94.05555210959534
4713,41.85542951640775
5545,59.845180864746176
1414,48.81209187348239
4114,79.8891437687837
656,78.61058329826052
8138,53.46234178731358
4099,34.29358097432337
593,77.68238031693156
8709,81.41137839774912
3124,48.4423550373494
3048,84.54260646694331
3888,43.926101543389166
5736,47.97470726269661
2185,36.108823285943146
2146,41.64069051494525
7048,41.80917769659193
3106,56.939151285379374
9234,68.76531763672497
9097,72.65077362224378
2770,33.23521324404568
5222,55.85087841760474
5834,32.879802066271
1733,72.39872578856767
266,52.89840680921
5145,90.71787073929059
8268,72.43230975785626
3938,73.23719498554637
762,58.63007934043399
7221,54.640025551708156
8440,86.87503127612666
3258,50.88485952495921
4339,51.63173610010709
4363,57.56845238746333
317,36.25023534048887
8070,33.545609477434354
1852,56.07737084604761
2485,31.84611120336672
9874,50.42517248476853
9575,51.900862401972724
1079,46.13690784704398
8359,48.01991689031082
7334,81.14062204189365
1072,66.46552987817306
104,74.13843174711727
5749,48.03825846864392
1419,49.961361818179284
1659,49.74019703968813
5285,45.95030114147059
1150,36.9323993042084
7151,46.11839342481268
1569,34.143263362215066
1088,52.26394109922352
6086,70.01114042428547
8675,24.227606630890524
8342,55.1515912414474
7812,88.49873515865656
6085,87.41308504245913
8774,81.502022364741
8758,54.957848701128306
1693,67.57387132874204
4735,49.153993060631734
3388,50.427078634997265
3647,59.3278184949467
1684,48.86192101052869
9,62.83964051544738
6063,49.71902960711865
6517,19.629534378392826
4124,45.576681123692296
8730,25.139171842843393
6046,24.002246151754168
568,57.19766563133642
9162,47.826353977078746
1804,84.77841082092448
8502,39.320187636492065
4901,73.3375607516505
1600,88.98312281937298
7932,73.59380519920342
9548,44.67299849223231
2824,58.93422169526546
5468,85.5837090415114
3530,58.455014145636966
8684,41.79863166015309
1156,71.75160879710864
6548,46.6497073568654
9089,56.1299814653893
7621,91.37319204791469
8297,48.814614941383084
4541,41.51249960894304
9135,74.38447458756835
6483,52.66479992133622
5827,41.36452531728205
1191,62.43200937260842
7445,58.365225443679975
8521,46.26217109798386
961,81.76629640606035
7455,88.79440323281622
37,41.85217199535582
7517,74.46653653389487
7645,57.45790173561176
4439,56.85563347892413
6162,46.445558206497296
7745,76.7900329378484
9588,44.70220393405693
8120,38.62844003676129
6968,58.21996284331539
5719,68.43937198082196
578,23.64986421338868
9834,52.70972287961211
4103,92.94581199792898
7647,46.658984720811034
4152,94.26784626446852
3131,53.797520194236675
4891,54.705492305779735
9976,60.22696040585629
7472,41.908479510797875
1834,64.68752462603888
9149,86.53218244806494
4892,84.08282487369716
2288,33.516354148064536
1331,15.649889217560194
2772,83.78628158351582
3687,17.356909199376652
8284,40.5521050404574
5929,26.57077426211845
638,92.46888039497131
48,54.771314585318535
2603,49.317141096292076
1966,31.89301501061843
2169,36.45289243043749
5050,26.510664093193093
3335,69.0142694090394
3020,44.300215329810015
8765,32.11097621871234
9177,37.66878284058471
1361,30.19021796821514
5799,46.29977198737805
9401,44.102095667592664
3252,46.34163083866172
6301,28.330174409094926
2252,40.499509621325046
6028,46.88972144720444
1176,19.591348793174205
8800,72.76273577959246
3280,84.83077636508892
2974,35.93680251992011
3397,38.56513527537982
6940,86.40540324612573
966,65.08847156911084
8575,22.03254267875804
743,44.147288491554534
7515,38.39367320568169
3315,56.72602322667817
4899,76.99259920835986
9341,48.18114941466506
4673,22.306726399627728
8619,54.99826929284759
1218,33.33592055761001
4398,50.72978092206373
6081,33.12321980924496
2615,60.70977166476941
2621,35.883984932546156
8715,53.13223002996618
7283,72.75010686199641
3380,84.34651004537155
7302,62.694518170610024
9858,43.963202286095104
5606,67.78175777911174
9814,66.36495288063259
5787,17.563109998846144
8519,54.035266485801664
6851,70.32244980955439
1517,33.70581380898783
5099,47.11211168515789
7637,28.8521899112796
9086,37.19621244983017
8024,56.19369782255248
2393,87.94926527711266
587,34.79984174355238
3520,27.357672173615587
7654,34.533249583154756
8947,32.87332049886116
851,57.1482897527526
336,81.57366816624308
6635,63.652853824095764
8973,42.61745436001023
7494,62.42964910988256
2869,75.53248849023073
4873,18.64863595113458
3551,53.081852195345384
3843,35.135757601303155
7263,57.991098565487114
5825,64.74741609410827
24,58.8959145177287
1454,65.91399532267803
1685,46.7726128806276
2311,72.56918733680853
9064,24.535724762627467
9407,57.48394270952897
382,78.3878857128182
5815,75.43284220144311
5551,62.16189858054842
9309,36.43733971232666
1619,54.36117451596852
790,81.6958215656932
5984,34.27618676160684
8673,70.61906272391249
4476,65.49530708892233
5607,32.32409432614561
9313,31.77573535068425
5649,89.50486462429323
6217,55.06017549982101
2287,92.46695500040823
9994,56.041825764719796
7579,75.95908237086208
1184,70.61645025131521
6002,78.5913447192223
5091,20.659614015817148
2517,42.271180531476375
4123,37.564801295898626
5522,58.026069318003096
5628,79.01841019385641
8361,68.93433708012371
5873,73.61485074765602
8613,57.03424561803504
7728,42.140979707903625
5969,42.73674234383045
1181,61.40228963497915
8763,64.68927534643063
8236,27.035807077390754
2819,37.08030785306609
9965,63.12509269013667
8704,53.98057272745302
6609,52.489331157131694
2821,56.523978878054876
7536,74.94707358498262
2261,46.9620723434723
2240,68.113521140546
6022,72.28752268886146
783,57.581072635658906
933,53.363370711769406
6203,41.90801916649896
2413,32.843075729735766
6998,54.50218557036793
9116,52.66479992133622
1157,45.3721686352216
8108,46.54869000265944
5806,51.2541122603998
4880,70.48883141395322
3310,56.299707468370556
8962,52.613889130203184
1703,32.26570071965653
2493,27.834499030851998
3707,76.97564939765618
8277,54.79202319542191
287,30.56406886373465
1609,74.4581629815535
6632,60.84954388506683
8279,57.2027047880835
7316,35.7794223191394
2253,62.29421827310983
7416,73.18593452583181
8366,48.65155501341129
1892,60.30071449818142
5063,39.541966634250606
6121,48.92201474765158
564,56.96211888595239
292,86.32231093619905
4717,40.019823637770955
7709,80.63174417263548
6350,69.74172432898429
170,78.0820148682144
268,55.37281344922996
4639,76.32542780797232
7078,32.69494723965809
3356,32.79635454031923
8280,38.30299889799849
316,35.31901204427183
6729,45.37152734417099
9496,33.02158986042504
4068,44.7482136654113
246,61.19735805264852
253,59.88147223489866
1112,81.92254718701653
4802,75.86971016608163
1714,22.80875540109472
51,27.33980394726492
1836,81.85508095425806
7897,40.63519094742084
3384,62.72924822190144
6411,65.43647041555046
4314,63.05365697616737
873,88.98428732117804
1255,72.11740943774558
8882,56.58545057164746
5852,63.004089613538966
5703,82.03949720500535
8104,97.62292627376848
2099,27.18978305857179
5129,63.82709086668312
249,44.876290101950644
6562,65.099908113142
1340,53.16739952302187
7018,57.171338644665354
2111,64.60561288705156
1570,86.15785748351794
1727,67.50709368930785
8385,55.92983108070414
6941,68.30838345785925
4396,41.71186437381824
2421,74.74565608402689
3046,31.2472521621682
5504,37.699219808889325
3704,63.75765181911504
8192,85.34727470175145
5332,38.84895948488632
9809,59.06927340387594
448,57.96573989608384
7895,53.44683536164486
8729,87.09335830482411
7829,80.32952154260545
1769,50.60789347152693
6809,45.112750923299515
4705,56.570344821593174
3870,92.54893143043401
1656,91.27369492737404
3188,73.18396011256912
684,43.752120194762426
4171,64.53884963414491
4478,40.2264083455887
462,42.946111244693434
5765,21.234266791947796
7523,65.94656526917545
4503,71.34755117209554
9710,18.295645967981365
319,88.24160042744498
1146,74.14442236300728
5095,90.01372746011793
1394,46.025844059831705
6624,67.7434676314267
1502,31.670666536304616
6409,52.48085253522685
377,41.14853137765811
411,54.51249941350114
1661,73.8586182187095
3152,43.174882306677866
1624,88.03219006405189
5610,31.94503085928393
8533,29.216446790766376
5803,20.467385994707996
5307,43.277094650859354
7087,41.394017613260004
8898,78.6613056888792
7489,84.64790686203474
9616,66.67507085754333
9218,49.887255714432044
1673,53.595382025410366
2359,61.46985254518898
8468,58.96544646877201
275,36.552512669842486
2474,53.622291974258445
5490,41.20900241989713
4772,40.75811716903314
2108,36.238486344793245
7501,37.42217370159372
4415,62.96971356630723
8139,84.26848960837664
8661,26.745310316489164
8240,68.6907914795841
2418,51.95613284221639
8772,25.80065625185514
2237,76.42449688915035
3768,64.99982986398044
9792,37.205414022481904
9990,25.36427782625423
9966,71.79562274359456
7324,64.86996983828033
1384,23.385160405020073
3102,46.89376411448421
3922,30.00753252832379
6686,18.127342900225912
3195,44.257578880388195
1942,49.04282465854618
7714,62.41639692146901
4897,29.2065774370986
4783,62.3063163358418
1497,64.06250810909434
1958,66.1304136143326
9172,63.81647368076983
9746,83.88529487702158
7333,54.533440947040994
7950,68.46375977886628
3018,40.488431667418666
6747,64.23458897541454
514,85.82802100280482
3935,79.87183893473464
3026,51.853230894996614
1200,58.232075745227974
5029,53.3861702221406
9785,44.453468441756456
922,29.564462728296466
4650,22.38425665480817
5333,24.96048077109419
1077,62.057437448148725
6769,23.18484449215017
9411,61.254456198382336
1672,72.76898278740086
475,55.634283499148744
9187,26.44547538863049
8840,71.853855089432
5759,28.904727027898137
6298,23.140465290096238
2479,61.24610948804912
5494,75.58846367512713
3915,71.80824825045212
2139,79.11167572606534
5455,68.58314913008064
5380,78.19151356472574
8986,72.35348641005626
4024,50.17014028988429
3486,50.1190854254442
2456,65.9513936420958
2465,59.73358865802789
8697,60.268368372883266
1370,59.554522942141936
6689,81.23439487263214
7457,78.38836898285835
9975,76.4817303737885
1902,74.82438379332343
4872,87.96936403226879
4711,80.27482550471352
7887,43.78235007106235
1794,32.76640102186293
2875,43.207741596457296
6218,60.11097878022102
5214,56.67206137757364
2246,40.42136846948841
1742,56.07881999384527
1021,52.91291296200891
706,43.3376340040868
4295,69.8580806902511
5577,69.29776102048703
7167,71.25006289208316
8178,33.63894806913915
909,80.5149999691969
5194,39.170973893280994
3078,77.90435171718603
9367,67.3271272775946
595,55.311747541774544
5305,30.863843811735702
441,43.48001969409667
7607,42.215821749146116
4093,38.182669993887174
6135,73.646786899691
11,84.25146624530156
3777,58.800051215562696
9000,43.48839472460019
3709,63.055210362620315
3781,70.03608935104408
94,77.34229026360228
9240,45.65682601376535
3950,44.7482136654113
5786,30.53353310174212
4871,71.25894863098449
4803,31.241378851988507
4868,68.40038810083199
293,31.875139330947075
7889,45.661486452177996
7406,59.05335174863108
5596,19.641134782210287
2887,71.89340069440061
6455,65.70142731575571
2543,47.59627661470679
1766,56.270557978666005
6801,68.33983805569912
1878,85.67616049691269
1982,45.85656806906745
9730,73.55297568245052
9609,85.8209153390439
2686,39.0333429335312
8931,62.03272095341627
3459,77.93481553092126
4542,31.77611917260416
2179,41.77157899707854
4451,81.92355867839204
3860,73.08057362151351
7624,54.36246819601156
7655,57.07080581382427
4520,39.25529642838629
2518,41.38710734613157
4837,64.75041835503863
2886,60.770233132755436
7282,81.41636895131282
6256,78.3794877219451
4540,79.63615465844924
5640,66.9155097655443
9460,48.75445120411583
3482,75.86906883811004
1278,74.4421904851281
3147,75.09624303900995
8263,49.61855390502052
3206,56.05730989195651
9893,70.18178105706848
2743,65.99223353395314
6077,41.81096923531791
4048,53.07231579062078
5732,40.31950398903831
2946,23.678045655984587
5791,71.30123847976165
6795,32.719992264226136
6544,87.66351884113588
701,44.82183295056912
3575,64.58877887484753
7700,37.964292102255996
2516,65.765042942551
3001,71.84810775219549
5821,31.38876990917648
8582,56.420090765694354
3685,27.327328555702213
2996,42.457107618557714
4253,76.93410939495519
3412,81.79638275200813
7963,48.60571198035421
6310,76.9394750081638
8612,46.166795248762114
5013,54.415815511628786
7751,53.81826242367113
5980,43.77218687936421
4049,47.371388979023244
4900,43.76356486551914
1319,70.66303998231447
9773,39.73655612569062
9138,82.07916847455313
7143,37.19759084353751
1898,35.18996974873916
7466,41.61225745952954
604,76.05628848616905
2847,56.63076419600102
8208,23.712413984943787
394,57.365186697540295
4437,47.904524685355895
9448,53.45857738964559
7235,85.98935402348218
5399,73.40110452873168
96,27.7460165122053
1663,79.332544767736
8971,22.58961709998288
5131,40.63464181754681
1489,70.31606944784782
8317,49.63518297212707
2708,63.26192740000202
1596,41.09011344934493
9278,61.34771700263709
2378,53.98457520529061
5141,43.05819856761751
6148,41.08312626688155
8242,70.7493839153691
3949,77.09443870044788
3934,35.920045181209716
4798,44.04071236025748
4373,79.01863743909196
9863,75.83752603609398
8243,70.5551255765255
3449,86.23172924965421
2944,73.45787577243242
2466,24.62729368999003
8583,50.566128111857935
5507,83.44507122986164
2699,38.41981738034261
2448,47.10289371475719
20,59.95038873559604
2749,81.59926433859796
5400,19.394071715780854
8079,77.98469046361197
6872,91.25672899162518
4709,41.41658036780366
9477,47.711588963738066
810,43.86350291032746
7478,62.06935200457655
2274,70.08524887721201
1924,64.01722005001491
1471,42.06915920186647
7935,62.95772116706911
7408,51.22965719678397
2407,56.93886538160807
1143,32.51757387556622
1748,43.31668255592952
5710,21.626463128152515
4976,63.116113048271885
7301,44.352941458009774
8149,38.916716291271314
2834,50.5997260536273
3132,81.05850899176183
1311,35.79384910798991
8651,35.64421017066725
6775,58.167847482129964
6757,57.803727361266496
621,61.987374101377874
2702,57.339657612431786
2200,48.37958400235645
6197,36.95180854058694
8825,60.431001932565316
1047,56.656983327620296
5769,42.76401161931996
9948,44.98681669570263
9020,41.71933820537923
744,32.54142832722596
223,62.4902092608735
3150,80.15908598106657
626,85.4981190977147
9335,52.92557776210175
7567,76.60480245602477
4583,51.67844132398222
5712,59.73338195770203
3285,50.18778919650108
7586,45.35148169967169
9647,65.9543303267752
1531,67.68872325938672
9686,56.23657005456802
354,41.47116805510733
2475,54.90070962333462
8014,16.206796497924444
6476,70.79361785208404
6450,67.27035739230756
240,47.77028796971238
2626,56.88685038798035
9787,71.98467480275455
7199,82.40577717204019
7693,25.4073482334707
2998,63.46793659604372
6441,66.27633484246581
4563,73.74080595017604
8615,51.414703953110084
1480,37.658598146352105
1019,41.28837839549581
3095,72.06089246059689
6183,28.089311688380473
4961,55.049037617003876
8493,49.82547135921207
1104,41.12959867077726
6082,48.091202388911846
9526,43.13911702054125
5191,36.82432138931618
4182,92.77956236548357
4468,29.955387276751797
1627,68.7340840794932
6718,52.001084132801324
3799,62.74228398646084
3054,70.01958595481453
2868,61.29304562180926
1433,25.82059594915387
7984,34.73176697901535
9347,87.99312176831228
9420,54.89498616978866
4077,50.75647681428908
218,73.37028316849909
3556,32.29007278139048
7937,54.940633277694346
8422,77.2501560171553
1035,25.577619128578245
3774,71.44500052419104
4133,43.93065742578459
2336,78.9988154101896
6493,83.45274540864904
1483,78.37640559278994
907,93.8266347379176
6089,28.279871227390597
6467,69.7550183222122
5677,86.5539986057085
2771,62.306715134986824
1806,25.72833270520386
7375,68.95563173123121
2115,49.20367328023303
4535,36.85830195323008
2532,39.46093264071824
8526,42.18478154796648
3471,74.13833172435908
1403,30.84052432516173
853,89.50486462429323
3083,41.87981890956743
8025,77.43199033989062
7566,77.15406691856458
5530,81.86455864781956
7855,43.172591545976644
4933,36.140218568371125
5160,82.71035996228379
9716,72.24180624363947
3847,53.99485180912345
6484,36.163676232528246
748,44.35858415078653
3035,49.93748462000257
348,61.322525797587154
3352,30.0507192535235
2865,72.86702592863617
2168,47.81019273243186
6955,79.81544231355237
6210,37.75501860757831
2778,48.22981137551574
1442,40.674878428047975
5658,21.309454729775872
9658,69.01511399576252
3028,60.875592438924805
6118,29.55991910310147
2484,55.03602891865057
2883,47.98552742844105
5562,56.327319652311395
764,92.89304678656978
6482,65.47270029451916
1617,52.57522942596349
1223,49.663910903421
8665,73.98737083877634
6222,42.301100455859356
1577,88.91358455195109
9392,58.70812002832691
6351,80.0885989229687
3783,36.991498201300466
4375,52.39017267001296
709,45.69149117512323
510,43.0317463201129
2955,68.30927039828319
7538,63.13722045881774
6339,52.18268137433499
8923,68.80218550068349
7064,76.51360433794338
7163,86.81095855740195
7372,78.00190171127767
6829,45.3325904196187
3616,16.384547552236405
4657,87.88515368224536
6976,14.521600509214736
4351,81.80984520434643
712,56.27874097258341
6479,80.10550081454532
9130,57.77855388550825
8205,33.687448290849815
9204,21.49558634704391
713,32.743980409985944
9113,51.24139170549585
1246,29.43534634545117
9786,34.312459269748146
6849,61.35494094442845
5134,25.355366873116296
716,45.571334314522275
3464,58.07564353346833
4395,80.91300878324668
4569,37.78853107962131
8804,45.112354789386515
8490,48.827274551207736
7702,77.0991055011645
213,26.587103472145323
9768,69.38475876008282
6839,26.31637395851808
1011,22.605278074772826
324,57.64293211947086
5397,53.63488676563436
5991,68.15781199792514
3173,60.581578257122345
335,27.937848262945817
8306,41.47000072150126
2211,78.47546583176059
4272,42.19021900332236
6741,32.582462764284365
234,60.23213822774719
5951,21.655576462706996
5738,33.5854562701806
7922,67.93889436747634
2349,62.59264181127296
2037,36.661029494910046
7485,68.39869383089503
6007,77.78553779578796
4554,46.1505514256802
8073,29.95450395751996
1459,61.325753903259496
3289,32.4885124726235
3065,75.0892145162591
9437,43.723583069016826
775,43.58033630862177
6833,74.2996421957366
872,45.77978094792931
8750,32.73144954289123
1264,22.319412937461507
4834,35.705776889984975
3895,77.65778187306569
6324,70.92447193284653
9213,48.404720847750234
7020,21.607156502140818
1221,45.72415113497463
1447,52.68636755451828
3185,50.840372688157466
409,48.26060972645658
4345,33.000946920307086
3022,36.05034607107758
2304,36.99233407162785
6272,73.7335982850242
8281,42.086557894844816
6642,66.48057966316335
6956,63.50316351527901
2110,52.036709614838756
5352,45.17081947292674
9684,52.96260428330687
8344,71.96584611000154
4550,46.555429535310125
1881,52.38241752461413
5946,79.53648626245618
1738,49.678624391220865
7794,38.35111509098533
5213,65.34194080085362
3209,45.172439288431875
7083,77.94696730005418
2056,62.06531658776803
1689,67.25581184028302
4780,44.53421489757086
7476,51.388405139125965
7877,38.75437473035723
6750,79.76210462621891
8556,28.52348873303686
8123,24.227804693807453
6991,76.02929823418734
8267,70.23007248758749
8540,16.08108341278585
3393,24.654588083664034
6326,92.48932152100289
3529,68.2765234404689
4605,65.05641882939562
7024,72.98150411563839
6322,63.51624124485838
746,28.058716560467253
711,42.82665114918788
380,73.23465661901645
8783,71.4838397612763
3012,53.05442646470066
8859,54.357509140375306
7153,53.76401293356306
8567,28.821305293421887
3498,62.39092109814755
3890,81.28404793957392
4485,81.1506145859155
4012,91.81438845009947
2620,77.4897546489405
6671,43.08458506385482
6513,45.638121469825016
3468,62.259994421216206
1314,57.96819018694354
8606,47.34259545449875
2070,68.63353197611998
2983,64.88913964771893
5915,43.000683725255776
9171,55.66146129349296
1286,62.537301783562
8991,24.937512536963162
8430,21.286754884678125
1350,68.33140123942485
2612,29.693212975599188
9495,56.48467226036658
3669,71.11431514702312
2222,65.95219313614241
428,25.286374644612238
654,74.47482740360326
9914,30.419222944201216
3536,60.19849070143192
7737,41.573822488353436
3246,39.565896602260594
4741,40.79886377721556
9069,70.49279843624832
4100,47.278572951933846
4101,27.948443554738297
6960,52.839536674344615
612,57.14887636082246
4289,29.216446790766376
8571,72.84540180911682
9713,29.691423581389024
1544,35.603072740642205
9536,51.45189596291667
3854,54.728087364222176
555,31.661732311891928
6366,78.79578466079097
512,28.18917672965365
3207,36.72895588335672
8085,69.42154474803243
968,81.47694587859321
6044,39.894771481812164
6880,72.7948249219728
6776,64.31842320138878
3296,67.11449482669371
8702,49.39180332999621
3430,62.01410368435836
8871,81.55795496553347
6963,56.638638590751995
2089,59.54798144052512
8500,50.43370053430264
6163,86.1271400143099
3211,79.22890777629866
9201,56.68951496823274
6606,52.19363301493852
1110,49.4997994967992
5729,72.10975998675625
7830,62.43137654452247
1039,70.04536144668263
1195,56.30446760463472
4475,59.553768262357536
9875,36.37918431770903
2123,39.975651396393104
4983,80.21413911719749
8974,46.267275631266
5701,17.176293825359153
935,90.66471065300473
6102,72.6976854378253
4690,24.276761988476316
395,33.45216005397869
4686,32.78942290131108
8777,55.68509993017913
9166,48.184728883781574
5981,89.4812438190408
9943,90.77313376398065
2192,46.091125324489425
1298,63.66116059043366
5045,33.918003296471355
1163,55.428001731050365
4255,84.67742007918427
6373,38.146082086413486
1528,24.09703978965404
4343,40.211014520344605
2031,46.000038999396715
3061,28.98625353457692
59,80.05491999512601
2406,79.82693830027215
5007,80.83944349006339
6158,70.67891689155859
7376,30.80630145644292
4507,27.60972409181713
5215,65.158776526555
6030,74.19324247095935
1781,63.14058684368872
5448,62.94545503150668
4607,62.176836911540484
6915,67.53660343965127
677,74.35344066829477
3583,33.9841586067632
3654,38.19261747540827
7921,45.9116706938113
9500,56.31872953209865
2733,77.93641278988724
4788,49.29956508058979
2755,56.84968621932129
2338,15.013526878737949
3644,70.33670953505666
7738,61.034551753876606
5517,45.56693686227213
5247,54.929753765170766
867,21.00187557928541
4448,32.88477966147758
5072,51.455608288190405
4882,58.636757511125715
9511,37.17280633772106
3003,27.214006837300833
2226,17.86811826199318
9057,78.38655885193981
4827,80.41618537318327
7622,84.80321978205389
9690,31.26645774396422
5501,20.848589288042618
9701,61.13281484358475
8479,95.5890674221356
5503,91.97062093426283
1211,34.401797361146215
9084,68.62917672004657
2289,78.09672263524628
2184,46.297429522465585
2863,71.03447788854562
6862,46.00018173081973
2363,72.50208877088858
8464,81.26058090606178
6333,58.814494517214825
4065,74.45874993437519
9547,32.254366687874224
618,64.3642240394785
3282,35.40846311062759
5227,44.212913259392636
3398,73.05583979601829
3066,56.40916273901181
767,39.333296275591465
7079,85.21199498741753
5280,61.4251616865914
4150,36.57303640834813
1145,21.41731116461353
4249,48.07832423321855
4111,25.781671861505544
463,26.295139647143017
2933,60.17720125616915
4624,25.259826753109618
3814,85.2203008504995
6309,62.68948901589855
4342,38.1954724508293
5301,30.15312136357696
6805,75.73058814291758
3283,71.82822725855213
2575,62.82216006036777
7962,44.17038337918933
7880,59.554522942141936
829,60.469442832359384
6487,33.48517799598874
7600,44.7953279073035
2541,78.82314483892273
5747,74.82110051413923
8527,40.5847151174236
9567,81.05019518991672
3743,47.438946051488735
7499,57.911417017338906
3525,88.19852613488206
21,72.7250893637187
1916,84.4386459764684
6572,71.68425172083877
9019,62.89759132058694
2013,38.97064276199602
5406,74.52537931830425
1296,86.39737414561574
3746,47.17289909833489
592,45.56944684303598
1407,45.87854809296337
222,62.923841928775225
5618,40.48889819719592
6249,17.498796228331017
4419,64.04703914878715
859,78.040337682062
1784,38.69350823538471
7260,76.85515446023895
6857,78.32279297879516
1955,72.94986170727277
1747,74.00774051438404
3133,68.95777354974481
8037,61.15882620670979
8851,50.78392542023356
995,52.51877389352367
6109,71.21630495130569
731,78.03967475806168
6975,71.4880705663138
6274,73.13333696149805
6752,66.32266513309202
3510,79.23837400121579
3534,69.4888899360834
2514,76.24870150069098
5437,28.98688723498934
3626,39.40432500528796
466,37.573171325888374
6756,65.2302796252785
6760,45.17848226799717
7992,53.16975276556077
158,24.63565329532161
3961,34.327121697024765
8833,84.3105328488246
5471,61.01401827511962
186,67.57581551317371
1003,53.76401293356306
9509,42.96348882431018
5624,72.07785233505061
401,18.182422594205953
6241,25.57422766254647
8941,37.39608826323702
9933,72.97856502456881
7343,61.528688861961456
9833,75.82952517014272
8467,51.22965719678397
8757,41.73123660585348
7959,21.082879820910577
1251,51.46331392971386
3144,56.17732090312982
7431,60.87571660833342
60,40.5521050404574
7856,49.766982171429035
1114,45.30885924604651
3058,32.74645521443965
9570,27.937848262945817
1329,32.52808017318762
4996,44.2764947790552
6683,79.1148903224722
2073,56.71359765772655
4794,78.56099799391484
6830,88.92857499334968
9630,42.312981168882445
8219,20.04889455673988
7568,19.020852791409965
5923,47.48642383151024
1551,87.1601071959011
1010,82.51368807430154
3756,40.77477098351153
8682,48.44295305972735
9343,74.11066284278007
8010,86.06305274120501
3861,54.911739647144195
3149,48.89560608607375
2520,51.38210553695737
3128,38.37345600276018
9085,59.40873280254556
5317,21.076423923473882
1196,80.20684112258148
9051,70.86447757915519
880,71.83224255427872
6990,61.27904943755047
2488,44.400681624345374
2841,34.62591951020366
4330,55.71142124365393
2931,52.556071889783816
6425,63.660352138529035
2486,49.24973921318104
5748,27.59766588002799
884,48.279956632619275
4915,70.25128605862425
6211,63.66896312607877
9579,72.49531432809721
212,31.488337596767096
2276,77.73145408408972
2329,47.74760329550033
4951,51.95150056735443
3320,78.30126718325616
9835,30.578192573726046
4608,44.43558085340782
1439,82.07231032967397
468,69.18645178521507
5467,53.53403439455683
3330,38.51501008100054
5829,37.54354971199591
8608,66.96844172027548
697,49.42769619031529
7268,26.157552309538655
9145,51.17564560440234
8181,26.963419702395505
9939,52.47340607238902
1315,51.17696484275465
2302,77.97162227904565
2040,79.02104964494532
7109,87.32154446872119
3667,90.63957743342107
915,60.677833099728055
13,27.017977673632853
8584,17.556477732919625
6428,59.28919713630021
1537,69.94779889389588
737,28.816382869009523
8202,69.98799442287417
8653,59.50749234085034
454,18.89294948474788
4346,58.14319232010078
928,59.4596485688573
6292,71.78433264201823
8282,47.68644740828668
8723,40.42040482005351
6474,46.06521263853236
38,69.17517549954114
5771,80.32733766993192
2555,71.03447788854562
7633,83.49770376846227
9999,94.38497825906444
6621,51.94693768946067
941,52.90938687137331
7399,40.48698554609489
6129,34.7185400573601
9830,80.1705167546271
2681,30.419222944201216
4355,32.58422219002349
3059,32.07529020277059
7881,48.49886466239748
739,16.17589943476569
539,67.39795674055993
3326,66.17322803835333
4240,61.39384456114754
1401,70.74587735077091
4047,39.88723246933866
5138,66.5543786259259
4230,90.41766366666396
4192,60.39692146750704
9143,73.86025793484264
5539,46.31963749485777
2693,31.92041513772653
5341,58.15853325177783
9918,83.43594486509808
7671,69.92697434471528
9174,30.93103969263836
1808,51.87622569048792
5112,77.59253810581434
3990,70.88485557516796
3456,67.9334526609731
2908,68.98144046366747
6652,42.683827564519014
8288,38.15318200844993
6245,73.09332542357386
2698,14.036240138458226
4017,63.60986889152698
4340,67.56789879301398
4646,73.82508569752389
7740,67.8604152700858
7092,60.45714027134715
4693,46.26686987656932
1740,29.746029318824025
5407,30.398571507292004
4589,32.062098985476766
3126,60.29585636609519
2158,75.64353416182877
5334,32.34366195964979
8637,37.21442296740395
1826,48.50053982598675
4231,52.26394109922352
3488,37.843187892910365
9054,51.458943581365105
9769,70.77329003286576
3648,40.27260256945184
5903,74.41095077478687
6386,50.010743177781336
5639,27.797330381595486
6424,87.07778037314147
7827,18.679556110104997
7744,44.650497823616654
3013,63.28818009077722
7672,23.16440438414358
9549,65.71716154935326
9978,81.17504679857754
3081,54.64869210994184
3521,32.436308346324154
4979,89.37874243894602
7620,41.59265382188214
4348,84.0368177079049
8441,18.835960642035694
1347,26.43381633136832
7088,58.277793399589605
8948,80.59507303479283
5652,65.29976708880788
8082,35.02072382951481
1792,50.378838794331195
7429,68.8347641356706
9580,66.08010865685506
9960,72.81469729226623
2271,58.75153657795358
9767,44.17203537622109
2956,33.358833354926986
3444,88.19684642657802
7736,12.612980957493313
834,60.49225091263857
6499,62.872064216486706
2992,53.07725223832797
7793,60.45767821378979
2151,50.91012226523014
4023,31.933217937523676
7615,65.17806010139752
6124,74.05540874118815
3339,40.10251755969627
4344,73.83194802875511
4464,75.20906698676346
2376,54.62844439113025
9044,42.88320441465586
5571,54.78732387072424
8599,96.51843082518826
8504,39.48316323256857
8880,54.59039781238897
1887,64.6838412605432
1198,45.229905355152425
6427,77.92706809913275
8911,34.02739437735272
2936,77.51870451868328
6342,41.60108473871691
1430,42.76455373472347
6307,27.586736851302557
3650,41.94896745566722
1938,34.51151571370528
5172,81.87690657733336
7764,46.55675251304853
6393,30.35211416835038
1154,87.14963725924686
6250,55.16473331466985
7037,37.95170498817818
4229,46.854977655051755
4975,44.61574558835876
6401,90.20036490638066
3640,28.783503202151905
3972,78.25188149773358
9594,66.11272207797761
3376,83.4417946383459
2487,50.803516549878566
6954,42.07984964209018
606,55.655738921469506
7444,36.31072833556513
5928,59.153676141401085
2454,70.55535916609078
3609,20.903098930253613
1484,47.350427547311014
4519,30.932810657982227
3038,51.0156811803892
9352,85.25767645079382
7692,55.11086715735079
4116,59.857905917876174
1427,47.016498345298984
497,93.39614346760214
3353,50.15633731109531
8794,57.51688522183723
759,77.94747577279051
838,19.66772183393995
4327,51.065382565864695
2128,67.11099794306907
1023,79.52183135369933
8762,65.61345240041076
5614,53.0817193481146
5581,52.71544983178478
1058,69.89302530670705
9542,58.76637973873177
6856,59.12752032605397
7349,97.09934855116572
9045,47.10848701615893
2129,84.97787437122196
2767,78.39531914997414
2109,65.9148798198166
3617,56.33080002918858
1545,26.08760236500863
6914,47.43877422172501
1719,50.364034296740286
7435,29.43534634545117
7365,64.68927534643063
6235,40.384965144060665
725,74.04661403780311
6673,64.78530469822684
8029,87.13742370577458
5492,27.747542667250933
1128,69.93458322259701
2957,45.75061996892811
5156,55.3485485025248
4817,53.24027147386332
6202,73.36896839306486
6224,54.8927053941553
8686,42.2569604746874
7114,83.31253021797434
5275,43.00368688560251
8536,53.47250355663118
3044,74.9116537535089
6912,42.836509017715784
150,61.378735915150564
7574,44.64162720537333
4206,42.06572289906893
5493,33.029930924112875
2690,76.18112236889834
4221,53.790728404303394
9102,35.18839201956307
842,68.12812126029769
8137,43.266088343194305
6438,77.22857594876655
9700,69.18457774557983
6200,27.55372947008428
2795,41.89553282744875
7626,68.75232915815882
8475,49.82358079223421
7890,42.31559758026253
6608,45.11341132329669
9195,47.99561748784206
8248,52.991974996834294
1393,45.662781730426666
1922,73.80327836402046
7019,42.493386216645916
3622,51.374892864702865
4849,75.33832547983562
2292,41.61279493825876
2134,58.22591964899287
551,77.97399060806984
1741,48.01228505621422
5290,37.17280633772106
1818,50.57784546641085
4699,73.14780239493686
5182,60.98525016331509
3019,46.02304853716778
18,71.94250125822316
1771,57.07080581382427
1889,62.20955313819675
2153,82.11180022898678
1643,14.35428594588641
7847,64.84062321826573
4194,28.764922833253717
9433,82.12992636107387
8899,40.11259250743804
534,46.19852992773252
133,36.70101671858525
7723,87.67180567276105
8459,31.3105232971021
965,18.39152334676774
8720,51.330256420224295
6413,46.87926748113334
8286,62.686028738614574
7854,16.763012810233015
1096,63.340761504136516
6930,45.92860873593576
